"DESCRIPTION","DURATION IN MS","NAME","PARENT SUITE","START TIME","STATUS","STOP TIME","SUB SUITE","SUITE","TEST CLASS","TEST METHOD"
"","2897","[Test][Positive] : Guest log in redirects to garage page @smoke","chromium","2026-10-10","passed","2026-10-10","Header","e2e/locatorsActionsAndAssertsHomeWork/task4.spec.js","",""
"","5199","[Test][Positive] : Hero description is visible and has correct text @smoke","webkit","2026-10-10","passed","2026-10-10","Hero section","e2e/locatorsActionsAndAssertsHomeWork/task3.spec.js","",""
"","7859","[Test][Negative] : Name field shows error for invalid characters (numbers) @smoke","webkit","2026-10-10","passed","2026-10-10","Registration modal","e2e/locatorsActionsAndAssertsHomeWork/task1.spec.js","",""
"","3204","[Test][Positive] : Garage heading is correct @smoke","chromium","2026-10-10","passed","2026-10-10","Garage page (guest)","e2e/locatorsActionsAndAssertsHomeWork/task5.spec.js","",""
"","2968","[Test][Positive] : User nav dropdown toggle is visible @smoke","chromium","2026-10-10","passed","2026-10-10","Garage page (guest)","e2e/locatorsActionsAndAssertsHomeWork/task5.spec.js","",""
"","3102","[Test][Positive] : Facebook icon is visible and has correct href @smoke","firefox","2026-10-10","passed","2026-10-10","Footer social icons and contact links","e2e/locatorsActionsAndAssertsHomeWork/task2.spec.js","",""
"","6778","[Test][Negative] : Email field shows error for incorrect email format @smoke","webkit","2026-10-10","passed","2026-10-10","Registration modal","e2e/locatorsActionsAndAssertsHomeWork/task1.spec.js","",""
"","3321","[Test][Positive] : Guest log in button is visible and enabled @smoke","firefox","2026-10-10","passed","2026-10-10","Header","e2e/locatorsActionsAndAssertsHomeWork/task4.spec.js","",""
"","5651","[Test][Positive] : Guest log in button is visible and enabled @smoke","webkit","2026-10-10","passed","2026-10-10","Header","e2e/locatorsActionsAndAssertsHomeWork/task4.spec.js","",""
"","3127","[Test][Positive] : Hero Sign up button is visible and enabled @smoke","firefox","2026-10-10","passed","2026-10-10","Hero section","e2e/locatorsActionsAndAssertsHomeWork/task3.spec.js","",""
"","3378","[Test][Positive] : Header Garage link is visible and active @smoke","firefox","2026-10-10","passed","2026-10-10","Garage page (guest)","e2e/locatorsActionsAndAssertsHomeWork/task5.spec.js","",""
"","3055","[Test][Negative] : Register button is disabled when all fields are empty @smoke","chromium","2026-10-10","passed","2026-10-10","Registration modal","e2e/locatorsActionsAndAssertsHomeWork/task1.spec.js","",""
"","2740","[Test][Negative] : Email field shows error for incorrect email format @smoke","chromium","2026-10-10","passed","2026-10-10","Registration modal","e2e/locatorsActionsAndAssertsHomeWork/task1.spec.js","",""
"","2828","[Test][Positive] : Hero description is visible and has correct text @smoke","chromium","2026-10-10","passed","2026-10-10","Hero section","e2e/locatorsActionsAndAssertsHomeWork/task3.spec.js","",""
"","4373","[Test][Positive] : Authorized user sees Garage heading @smoke","webkit:auth","2026-10-10","passed","2026-10-10","Garage page (authorized user)","e2e/playwrightFixturesAndStorageStateHomeWork/task1.spec.js","",""
"","5720","[Test][Positive] : Guest log in redirects to garage page @smoke","webkit","2026-10-10","passed","2026-10-10","Header","e2e/locatorsActionsAndAssertsHomeWork/task4.spec.js","",""
"","2819","[Test][Positive] : Authorized user sees Garage heading @smoke","chromium:auth","2026-10-10","passed","2026-10-10","Garage page (authorized user)","e2e/playwrightFixturesAndStorageStateHomeWork/task1.spec.js","",""
"","3977","[Test][Positive] : Authorized user sees Garage heading @smoke","firefox:auth","2026-10-10","passed","2026-10-10","Garage page (authorized user)","e2e/playwrightFixturesAndStorageStateHomeWork/task1.spec.js","",""
"","5324","[Test][Positive] : Garage heading is correct @smoke","webkit","2026-10-10","passed","2026-10-10","Garage page (guest)","e2e/locatorsActionsAndAssertsHomeWork/task5.spec.js","",""
"","5545","[Test][Positive] : Logo is visible and links to home page @smoke","webkit","2026-10-10","passed","2026-10-10","Header","e2e/locatorsActionsAndAssertsHomeWork/task4.spec.js","",""
"","3164","[Test][Positive] : All social icons open in a new tab @smoke","firefox","2026-10-10","passed","2026-10-10","Footer social icons and contact links","e2e/locatorsActionsAndAssertsHomeWork/task2.spec.js","",""
"","6107","[Test][Positive] : Hero Sign up button opens registration modal @smoke","webkit","2026-10-10","passed","2026-10-10","Hero section","e2e/locatorsActionsAndAssertsHomeWork/task3.spec.js","",""
"","5529","[Test][Positive] : User nav dropdown toggle is visible @smoke","webkit","2026-10-10","passed","2026-10-10","Garage page (guest)","e2e/locatorsActionsAndAssertsHomeWork/task5.spec.js","",""
"","3151","[Test][Positive] : Logo is visible and links to home page @smoke","firefox","2026-10-10","passed","2026-10-10","Header","e2e/locatorsActionsAndAssertsHomeWork/task4.spec.js","",""
"","2878","[Test][Positive] : Add car button is visible and enabled @smoke","chromium","2026-10-10","passed","2026-10-10","Garage page (guest)","e2e/locatorsActionsAndAssertsHomeWork/task5.spec.js","",""
"","3065","[Test][Positive] : User nav dropdown toggle is visible @smoke","firefox","2026-10-10","passed","2026-10-10","Garage page (guest)","e2e/locatorsActionsAndAssertsHomeWork/task5.spec.js","",""
"","3084","[Test][Positive] : Guest log in button is visible and enabled @smoke","chromium","2026-10-10","passed","2026-10-10","Header","e2e/locatorsActionsAndAssertsHomeWork/task4.spec.js","",""
"","3355","[Test][Positive] : Hero Sign up button opens registration modal @smoke","firefox","2026-10-10","passed","2026-10-10","Hero section","e2e/locatorsActionsAndAssertsHomeWork/task3.spec.js","",""
"","3183","[Test][Positive] : Hero Sign up button is visible and enabled @smoke","chromium","2026-10-10","passed","2026-10-10","Hero section","e2e/locatorsActionsAndAssertsHomeWork/task3.spec.js","",""
"","5052","[Test][Positive] : All social icons open in a new tab @smoke","webkit","2026-10-10","passed","2026-10-10","Footer social icons and contact links","e2e/locatorsActionsAndAssertsHomeWork/task2.spec.js","",""
"","6649","[Test][Positive] : Successful registration @smoke","firefox","2026-10-10","passed","2026-10-10","Registration modal","e2e/locatorsActionsAndAssertsHomeWork/task1.spec.js","",""
"","3372","[Test][Positive] : Garage heading is correct @smoke","firefox","2026-10-10","passed","2026-10-10","Garage page (guest)","e2e/locatorsActionsAndAssertsHomeWork/task5.spec.js","",""
"","2660","[Test][Positive] : Email link is visible and has correct href @smoke","chromium","2026-10-10","passed","2026-10-10","Footer social icons and contact links","e2e/locatorsActionsAndAssertsHomeWork/task2.spec.js","",""
"","3026","[Test][Positive] : Hero Sign up button opens registration modal @smoke","chromium","2026-10-10","passed","2026-10-10","Hero section","e2e/locatorsActionsAndAssertsHomeWork/task3.spec.js","",""
"","3131","[Test][Positive] : Hero title is visible and has correct text @smoke","firefox","2026-10-10","passed","2026-10-10","Hero section","e2e/locatorsActionsAndAssertsHomeWork/task3.spec.js","",""
"","3141","[Test][Positive] : Add car button is visible and enabled @smoke","firefox","2026-10-10","passed","2026-10-10","Garage page (guest)","e2e/locatorsActionsAndAssertsHomeWork/task5.spec.js","",""
"","2827","[Test][Positive] : Header Garage link is visible and active @smoke","chromium","2026-10-10","passed","2026-10-10","Garage page (guest)","e2e/locatorsActionsAndAssertsHomeWork/task5.spec.js","",""
"","5476","[Test][Positive] : Add car button is visible and enabled @smoke","webkit","2026-10-10","passed","2026-10-10","Garage page (guest)","e2e/locatorsActionsAndAssertsHomeWork/task5.spec.js","",""
"","3217","[Test][Positive] : Email link is visible and has correct href @smoke","firefox","2026-10-10","passed","2026-10-10","Footer social icons and contact links","e2e/locatorsActionsAndAssertsHomeWork/task2.spec.js","",""
"","6289","[Test][Positive] : Sign In button opens sign in modal @smoke","webkit","2026-10-10","passed","2026-10-10","Header","e2e/locatorsActionsAndAssertsHomeWork/task4.spec.js","",""
"","4970","[Test][Positive] : Facebook icon is visible and has correct href @smoke","webkit","2026-10-10","passed","2026-10-10","Footer social icons and contact links","e2e/locatorsActionsAndAssertsHomeWork/task2.spec.js","",""
"","3367","[Test][Negative] : Register button is disabled when all fields are empty @smoke","firefox","2026-10-10","passed","2026-10-10","Registration modal","e2e/locatorsActionsAndAssertsHomeWork/task1.spec.js","",""
"","4533","[Test][Negative] : Name field shows error for invalid characters (numbers) @smoke","firefox","2026-10-10","passed","2026-10-10","Registration modal","e2e/locatorsActionsAndAssertsHomeWork/task1.spec.js","",""
"","3256","[Test][Positive] : Sign In button opens sign in modal @smoke","firefox","2026-10-10","passed","2026-10-10","Header","e2e/locatorsActionsAndAssertsHomeWork/task4.spec.js","",""
"","3046","[Test][Positive] : Facebook icon is visible and has correct href @smoke","chromium","2026-10-10","passed","2026-10-10","Footer social icons and contact links","e2e/locatorsActionsAndAssertsHomeWork/task2.spec.js","",""
"","11052","[Test][Positive] : Successful registration @smoke","webkit","2026-10-10","passed","2026-10-10","Registration modal","e2e/locatorsActionsAndAssertsHomeWork/task1.spec.js","",""
"","6556","[Test][Negative] : Register button is disabled when all fields are empty @smoke","webkit","2026-10-10","passed","2026-10-10","Registration modal","e2e/locatorsActionsAndAssertsHomeWork/task1.spec.js","",""
"","3196","[Test][Positive] : Hero title is visible and has correct text @smoke","chromium","2026-10-10","passed","2026-10-10","Hero section","e2e/locatorsActionsAndAssertsHomeWork/task3.spec.js","",""
"","3324","[Test][Positive] : Sign In button opens sign in modal @smoke","chromium","2026-10-10","passed","2026-10-10","Header","e2e/locatorsActionsAndAssertsHomeWork/task4.spec.js","",""
"","3288","[Test][Positive] : All social icons open in a new tab @smoke","chromium","2026-10-10","passed","2026-10-10","Footer social icons and contact links","e2e/locatorsActionsAndAssertsHomeWork/task2.spec.js","",""
"","5162","[Test][Positive] : Telegram icon is visible and has correct href @smoke","webkit","2026-10-10","passed","2026-10-10","Footer social icons and contact links","e2e/locatorsActionsAndAssertsHomeWork/task2.spec.js","",""
"","5561","[Test][Positive] : Header Garage link is visible and active @smoke","webkit","2026-10-10","passed","2026-10-10","Garage page (guest)","e2e/locatorsActionsAndAssertsHomeWork/task5.spec.js","",""
"","3072","[Test][Positive] : Telegram icon is visible and has correct href @smoke","firefox","2026-10-10","passed","2026-10-10","Footer social icons and contact links","e2e/locatorsActionsAndAssertsHomeWork/task2.spec.js","",""
"","5138","[Test][Positive] : Hero Sign up button is visible and enabled @smoke","webkit","2026-10-10","passed","2026-10-10","Hero section","e2e/locatorsActionsAndAssertsHomeWork/task3.spec.js","",""
"","3153","[Test][Positive] : Hero description is visible and has correct text @smoke","firefox","2026-10-10","passed","2026-10-10","Hero section","e2e/locatorsActionsAndAssertsHomeWork/task3.spec.js","",""
"","5064","[Test][Positive] : Successful registration @smoke","chromium","2026-10-10","passed","2026-10-10","Registration modal","e2e/locatorsActionsAndAssertsHomeWork/task1.spec.js","",""
"","3439","[Test][Negative] : Email field shows error for incorrect email format @smoke","firefox","2026-10-10","passed","2026-10-10","Registration modal","e2e/locatorsActionsAndAssertsHomeWork/task1.spec.js","",""
"","4964","[Test][Positive] : Hero title is visible and has correct text @smoke","webkit","2026-10-10","passed","2026-10-10","Hero section","e2e/locatorsActionsAndAssertsHomeWork/task3.spec.js","",""
"","3337","[Test][Positive] : Guest log in redirects to garage page @smoke","firefox","2026-10-10","passed","2026-10-10","Header","e2e/locatorsActionsAndAssertsHomeWork/task4.spec.js","",""
"","5044","[Test][Positive] : Email link is visible and has correct href @smoke","webkit","2026-10-10","passed","2026-10-10","Footer social icons and contact links","e2e/locatorsActionsAndAssertsHomeWork/task2.spec.js","",""
"","2872","[Test][Positive] : Logo is visible and links to home page @smoke","chromium","2026-10-10","passed","2026-10-10","Header","e2e/locatorsActionsAndAssertsHomeWork/task4.spec.js","",""
"","2533","[Test][Positive] : Telegram icon is visible and has correct href @smoke","chromium","2026-10-10","passed","2026-10-10","Footer social icons and contact links","e2e/locatorsActionsAndAssertsHomeWork/task2.spec.js","",""
"","3278","[Test][Negative] : Name field shows error for invalid characters (numbers) @smoke","chromium","2026-10-10","passed","2026-10-10","Registration modal","e2e/locatorsActionsAndAssertsHomeWork/task1.spec.js","",""
"","5208","register and authenticate user","setup","2026-10-10","passed","2026-10-10","","setup/auth.setup.js","",""
